TIMESTAMP,2013-12-25_19:14~FORUMLOGIN~MAIN~TIME_TAKEN~AVERAGE,2013-12-25_19:14~UN*X~SWAP_SPACE~SWAP~USED,2013-12-25_19:14~FORUMLOGIN~MAIN~QUEUED~VALUE,2013-12-25_19:14~UN*X~MAIN~CPU~USAGE_(%),2013-12-25_19:14~FORUMLOGIN~MAIN~SENT~PER_SECOND,2013-12-25_19:14~FORUMLOGIN~MAIN~RUNNING~VALUE,2013-12-25_19:14~FORUMLOGIN~MAIN~DISCARDED~PER_SECOND,2013-12-25_19:14~FORUMLOGIN~MAIN~THROUGHPUT~TPS,2013-12-25_19:14~UN*X~PHYSICAL_MEMORY~RAM~USED,2013-12-25_19:14~FORUMLOGIN~MAIN~COMPLETED~PER_SECOND
00:00:00,,1388,,,,,,,7319,
00:00:01,1258.0,1388,0.0,,11.0,5.517,,,7319,0.0
00:00:02,964.7142857142857,1388,0.005,,10.0,11.694,,7.0,7319,7.0
00:00:03,811.1333333333333,1388,0.001,,10.0,14.543,,27.0,7319,27.0
00:00:04,64.6,1388,0.0,,10.0,0.746,,9.0,7319,10.0
00:00:05,95.0,1388,0.0,37.69984528,10.0,0.652,,10.0,7469,9.0
00:00:06,60.9,1388,0.002,,10.0,0.979,,10.0,7469,11.0
00:00:07,,1388,0.001,,10.0,0.619,,11.0,7469,10.0
00:00:08,52.45454545454545,1388,0.0,,10.0,0.519,,10.0,7469,10.0
00:00:09,59.36363636363637,1388,0.001,,10.0,0.593,,9.0,7469,10.0
00:00:10,62.0,1388,0.0,15.70932407,10.0,0.632,,10.0,7469,10.0
00:00:11,61.36363636363637,1388,0.0,,10.0,0.632,,11.0,7488,10.0
00:00:12,57.4,1388,0.0,,10.0,0.561,,9.0,7488,10.0
00:00:13,63.7,1388,0.0,,10.0,0.621,,10.0,7488,9.0
00:00:14,61.45454545454545,1388,0.0,,10.0,0.632,,11.0,7488,11.0
00:00:15,65.8,1388,0.0,12.07666054,10.0,0.628,,9.0,7488,10.0
00:00:16,60.81818181818182,1388,0.0,,10.0,0.668,,10.0,7460,10.0
00:00:17,60.1,1388,0.0,,10.0,0.587,,11.0,7460,10.0
00:00:18,60.63636363636363,1388,0.0,,10.0,0.598,,9.0,7460,10.0
00:00:19,59.36363636363637,1388,0.0,,10.0,0.633,,11.0,7460,10.0
00:00:20,65.6,1388,0.0,11.67384148,10.0,0.597,,10.0,7460,10.0
00:00:21,60.5,1388,0.0,,10.0,0.649,,9.0,7460,10.0
00:00:22,57.27272727272727,1388,0.0,,10.0,0.617,,11.0,7474,10.0
00:00:23,56.5,1388,0.0,,10.0,0.569,,9.0,7474,10.0
00:00:24,62.7,1388,0.0,,10.0,0.57,,10.0,7474,10.0
00:00:25,56.54545454545455,1388,0.0,11.98095742,10.0,0.628,,11.0,7474,10.0
00:00:26,,1388,0.0,,10.0,0.574,,9.0,7474,9.0
00:00:27,60.0,1388,0.0,,10.0,0.609,,11.0,7473,11.0
00:00:28,59.5,1388,0.0,,10.0,0.597,,10.0,7473,10.0
00:00:29,56.72727272727273,1388,0.0,,10.0,0.572,,9.0,7473,10.0
00:00:30,65.6,1388,0.0,10.71428571,10.0,0.655,,10.0,7473,10.0
00:00:31,57.9,1388,0.0,,10.0,0.576,,10.0,7473,9.0
00:00:32,71.8,1388,0.0,,10.0,0.704,,10.0,7482,10.0
00:00:33,92.9,1388,0.0,,10.0,0.878,,10.0,7482,10.0
00:00:34,109.18181818181819,1388,0.0,,10.0,1.121,,10.0,7482,10.0
00:00:35,121.6,1388,0.0,15.9222811,10.0,1.134,,10.0,7482,10.0
00:00:36,146.7,1388,0.0,,10.0,1.406,,10.0,7482,10.0
00:00:37,150.6,1388,0.0,,10.0,1.523,,9.0,7493,10.0
00:00:38,187.0,1388,0.0,,10.0,1.718,,10.0,7493,9.0
00:00:39,261.7,1388,0.001,,10.0,2.397,,9.0,7493,9.0
00:00:40,331.77777777777777,1388,0.0,17.78343949,10.0,2.903,,9.0,7493,9.0
00:00:41,504.625,1388,0.0,,10.0,4.183,,8.0,7493,8.0
00:00:42,711.625,1388,0.0,,10.0,6.155,,8.0,7493,8.0
00:00:43,979.625,1388,0.0,,10.0,8.371,,7.0,7496,7.0
00:00:44,1323.7142857142858,1388,0.001,,10.0,11.25,,7.0,7496,7.0
00:00:45,1665.5714285714287,1388,0.001,18.20337197,10.0,14.449,,7.0,7496,7.0
00:00:46,2094.285714285714,1388,0.002,,10.0,17.879,,6.0,7496,6.0
00:00:47,2525.0,1388,0.003,,10.0,21.777,,6.0,7496,6.0
00:00:48,2979.0,1388,0.003,,10.0,25.789,,5.0,7496,6.0
00:00:49,,1388,0.002,,10.0,30.085,,6.0,7497,5.0
00:00:50,3462.1666666666665,1388,0.004,16.81324366,10.0,34.582,,5.0,7497,5.0
00:00:51,4009.6,1388,0.005,,10.0,39.518,,5.0,7497,5.0
00:00:52,4546.166666666667,1388,0.003,,10.0,44.484,,5.0,7497,5.0
00:00:53,5181.333333333333,1388,0.005,,10.0,49.611,,5.0,7497,5.0
00:00:54,5796.2,1388,0.004,,10.0,54.772,,4.0,7497,4.0
00:00:55,6421.2,1388,0.002,16.34300126,10.0,60.189,,5.0,7510,6.0
00:00:56,7039.4,1388,0.006,,10.0,65.685,,5.0,7510,4.0
00:00:57,,1388,0.006,,10.0,71.404,,4.0,7510,4.0
00:00:58,7750.6,1388,0.006,,10.0,77.176,,4.0,7510,4.0
00:00:59,8400.5,1388,0.004,,10.0,83.101,,4.0,7510,4.0
00:01:00,9046.8,1388,0.006,16.67515275,10.0,89.062,,4.0,7510,4.0
00:01:01,9772.5,1388,0.005,,10.0,95.103,,4.0,7518,4.0
00:01:02,10445.75,1388,1.566,,5.0,99.784,,4.0,7518,4.0
00:01:03,11129.25,1388,7.608,,4.0,99.996,,3.0,7518,3.0
00:01:04,11828.0,1388,14.022,,4.0,99.998,,3.0,7518,3.0
00:01:05,12485.666666666666,1388,20.391,16.98260192,3.0,99.998,,4.0,7518,4.0
00:01:06,13138.0,1388,26.765,,3.0,99.998,,4.0,7518,4.0
00:01:07,,1388,33.431,,4.0,99.998,,3.0,7521,3.0
00:01:08,13926.0,1388,40.192,,3.0,99.999,,3.0,7521,3.0
00:01:09,14741.0,1388,46.749,,3.0,99.998,,4.0,7521,4.0
00:01:10,15576.0,1388,53.58,15.11835073,4.0,99.999,,2.0,7521,3.0
00:01:11,,1388,60.561,,3.0,99.998,,3.0,7521,2.0
00:01:12,,1388,68.51,,0.0,100.0,,0.0,7541,0.0
00:01:13,,1388,78.51,,0.0,100.0,,0.0,7541,0.0
00:01:14,,1388,88.51,,0.0,100.0,,0.0,7541,0.0
00:01:15,,1388,98.51,7.81694144,0.0,100.0,,0.0,7541,0.0
00:01:16,17967.333333333332,1388,108.51,,0.0,100.0,,2.0,7541,2.0
00:01:17,,1388,116.653,,2.0,99.996,,0.0,7541,0.0
00:01:18,,1388,126.51,,0.0,100.0,,0.0,7537,0.0
00:01:19,,1388,136.51,,0.0,100.0,,0.0,7537,0.0
00:01:20,,1388,146.51,10.60606061,0.0,100.0,,0.0,7537,0.0
00:01:21,,1388,156.51,,0.0,100.0,,0.0,7537,0.0
00:01:22,,1388,166.51,,0.0,100.0,,0.0,7537,0.0
00:01:23,,1388,176.51,,0.0,100.0,,0.0,7537,0.0
00:01:24,,1388,186.51,,0.0,100.0,,0.0,7533,0.0
00:01:25,,1388,196.51,6.97810219,0.0,100.0,,0.0,7533,0.0
00:01:26,,1388,206.51,,0.0,100.0,,0.0,7533,0.0
00:01:27,,1388,216.51,,0.0,100.0,,0.0,7533,0.0
00:01:28,,1388,226.51,,0.0,100.0,,0.0,7533,0.0
00:01:29,,1388,236.51,,0.0,100.0,,0.0,7536,0.0
00:01:30,,1388,246.51,4.32242991,0.0,100.0,,0.0,7536,0.0
00:01:31,,1388,256.51,,0.0,100.0,,0.0,7536,0.0
00:01:32,,1388,266.51,,0.0,100.0,,0.0,7536,0.0
00:01:33,,1388,276.51,,0.0,100.0,,0.0,7536,0.0
00:01:34,,1388,286.51,,0.0,100.0,,0.0,7536,0.0
00:01:35,,1388,296.51,10.42154567,0.0,100.0,,0.0,7598,0.0
00:01:36,,1388,306.51,,0.0,100.0,,0.0,7598,0.0
00:01:37,,1388,316.51,,0.0,100.0,,0.0,7598,0.0
00:01:38,,1388,326.51,,0.0,100.0,,0.0,7598,0.0
00:01:39,,1388,336.51,,0.0,100.0,,0.0,7598,0.0
00:01:40,,1388,346.51,9.15898618,0.0,100.0,,0.0,7616,0.0
00:01:41,,1388,356.51,,0.0,100.0,,0.0,7616,0.0
00:01:42,,1388,366.51,,0.0,100.0,,0.0,7616,0.0
00:01:43,,1388,376.51,,0.0,100.0,,0.0,7616,0.0
00:01:44,,1388,386.51,,0.0,100.0,,0.0,7616,0.0
00:01:45,,1388,396.51,5.16886931,0.0,100.0,,0.0,7616,0.0
00:01:46,,1388,406.51,,0.0,100.0,,0.0,7604,0.0
00:01:47,,1388,416.51,,0.0,100.0,,0.0,7604,0.0
00:01:48,,1388,426.51,,0.0,100.0,,0.0,7604,0.0
00:01:49,,1388,436.51,,0.0,100.0,,0.0,7604,0.0
00:01:50,,1388,446.51,4.21266705,0.0,100.0,,0.0,7604,0.0
00:01:51,,1388,456.51,,0.0,100.0,,0.0,7604,0.0
00:01:52,,1388,466.51,,0.0,100.0,,0.0,7596,0.0
00:01:53,,1388,476.51,,0.0,100.0,,0.0,7596,0.0
00:01:54,,1388,486.51,,0.0,100.0,,0.0,7596,0.0
00:01:55,,1388,496.51,3.38389732,0.0,100.0,,0.0,7596,0.0
00:01:56,,1388,506.51,,0.0,100.0,,0.0,7596,0.0
00:01:57,,1388,516.51,,0.0,100.0,,0.0,7600,0.0
00:01:58,,1388,526.51,,0.0,100.0,,0.0,7600,0.0
00:01:59,,1388,536.51,,0.0,100.0,,0.0,7600,0.0
00:02:00,,1388,546.51,4.65671642,0.0,100.0,,0.0,7600,0.0
00:02:01,,1388,556.51,,0.0,100.0,,0.0,7600,0.0
00:02:02,,1388,566.51,,0.0,100.0,,0.0,7599,0.0
00:02:03,,1388,576.51,,0.0,100.0,,0.0,7599,0.0
00:02:04,,1388,586.51,,0.0,100.0,,0.0,7599,0.0
00:02:05,,1388,596.51,3.59351988,0.0,100.0,,0.0,7599,0.0
00:02:06,,1388,606.51,,0.0,100.0,,0.0,7599,0.0
00:02:07,,1388,616.51,,0.0,100.0,,0.0,7599,0.0
00:02:08,,1388,626.51,,0.0,100.0,,0.0,7600,0.0
00:02:09,,1388,636.51,,0.0,100.0,,0.0,7600,0.0
00:02:10,,1388,646.51,3.55183367,0.0,100.0,,0.0,7600,0.0
00:02:11,,1388,656.51,,0.0,100.0,,0.0,7600,0.0
00:02:12,,1388,666.51,,0.0,100.0,,0.0,7600,0.0
00:02:13,,1388,676.51,,0.0,100.0,,0.0,7601,0.0
00:02:14,,1388,686.51,,0.0,100.0,,0.0,7601,0.0
00:02:15,,1388,696.51,3.32273909,0.0,100.0,,0.0,7601,0.0
00:02:16,,1388,706.51,,0.0,100.0,,0.0,7601,0.0
00:02:17,,1388,716.51,,0.0,100.0,,0.0,7601,0.0
00:02:18,,1388,726.51,,0.0,100.0,,0.0,7601,0.0
00:02:19,,1388,736.51,,0.0,100.0,,0.0,7605,0.0
00:02:20,,1388,746.51,4.3997669,0.0,100.0,,0.0,7605,0.0
00:02:21,,1388,756.51,,0.0,100.0,,0.0,7605,0.0
00:02:22,,1388,766.51,,0.0,100.0,,0.0,7605,0.0
00:02:23,,1388,776.51,,0.0,100.0,,0.0,7605,0.0
00:02:24,,1388,786.51,,0.0,100.0,,0.0,7605,0.0
00:02:25,,1388,796.51,2.20070423,0.0,100.0,,0.0,7607,0.0
00:02:26,,1388,806.51,,0.0,100.0,,0.0,7607,0.0
00:02:27,,1388,816.51,,0.0,100.0,,0.0,7607,0.0
00:02:28,,1388,826.51,,0.0,100.0,,0.0,7607,0.0
00:02:29,,1388,836.51,,0.0,100.0,,0.0,7607,0.0
00:02:30,,1388,846.51,4.55331412,0.0,100.0,,0.0,7607,0.0
00:02:31,,1388,856.51,,0.0,100.0,,0.0,7595,0.0
00:02:32,,1388,866.51,,0.0,100.0,,0.0,7595,0.0
00:02:33,,1388,876.51,,0.0,100.0,,0.0,7595,0.0
00:02:34,,1388,886.51,,0.0,100.0,,0.0,7595,0.0
00:02:35,,1388,896.51,4.66724287,0.0,100.0,,0.0,7595,0.0
00:02:36,,1388,906.51,,0.0,100.0,,0.0,7595,0.0
00:02:37,,1388,916.51,,0.0,100.0,,0.0,7576,0.0
00:02:38,,1388,926.51,,0.0,100.0,,0.0,7576,0.0
00:02:39,,1388,936.51,,0.0,100.0,,0.0,7576,0.0
00:02:40,,1388,946.51,2.73224044,0.0,100.0,,0.0,7576,0.0
00:02:41,,1388,956.51,,0.0,100.0,,0.0,7576,0.0
00:02:42,,1388,966.51,,0.0,100.0,,0.0,7576,0.0
00:02:43,,1388,976.51,,0.0,100.0,,0.0,7563,0.0
00:02:44,,1388,986.51,,0.0,100.0,,0.0,7563,0.0
00:02:45,,1388,996.408,2.70015699,0.0,100.0,0.0,0.0,7563,0.0
00:02:46,,1388,1000.0,,0.0,100.0,11.0,0.0,7563,0.0
00:02:47,,1388,1000.0,,0.0,100.0,10.0,0.0,7563,0.0
00:02:48,,1388,1000.0,,0.0,100.0,10.0,0.0,7563,0.0
00:02:49,,1388,1000.0,,0.0,100.0,10.0,0.0,7562,0.0
00:02:50,,1388,1000.0,2.37298448,0.0,100.0,10.0,0.0,7562,0.0
00:02:51,,1388,1000.0,,0.0,100.0,10.0,0.0,7562,0.0
00:02:52,,1388,1000.0,,0.0,100.0,10.0,0.0,7562,0.0
00:02:53,,1388,1000.0,,0.0,100.0,10.0,0.0,7562,0.0
00:02:54,,1388,1000.0,,0.0,100.0,10.0,0.0,7562,0.0
00:02:55,,1388,1000.0,2.61795167,0.0,100.0,10.0,0.0,7565,0.0
00:02:56,,1388,1000.0,,0.0,100.0,10.0,0.0,7565,0.0
00:02:57,,1388,1000.0,,0.0,100.0,10.0,0.0,7565,0.0
00:02:58,,1388,1000.0,,0.0,100.0,10.0,0.0,7565,0.0
00:02:59,,1388,1000.0,,0.0,100.0,10.0,0.0,7565,0.0
00:03:00,,1388,1000.0,2.7676399,0.0,100.0,10.0,0.0,7565,0.0
00:03:01,,1388,1000.0,,0.0,100.0,10.0,0.0,7563,0.0
00:03:02,,1388,1000.0,,0.0,100.0,10.0,0.0,7563,0.0
00:03:03,,1388,1000.0,,0.0,100.0,10.0,0.0,7563,0.0
00:03:04,,1388,1000.0,,0.0,100.0,10.0,0.0,7563,0.0
00:03:05,,1388,1000.0,2.57472625,0.0,100.0,10.0,0.0,7563,0.0
00:03:06,,1388,1000.0,,0.0,100.0,10.0,0.0,7563,0.0
00:03:07,,1388,1000.0,,0.0,100.0,10.0,0.0,7564,0.0
00:03:08,,1388,1000.0,,0.0,100.0,10.0,0.0,7564,0.0
00:03:09,,1388,1000.0,,0.0,100.0,10.0,0.0,7564,0.0
00:03:10,,1388,1000.0,2.80730444,0.0,100.0,10.0,0.0,7564,0.0
00:03:11,,1388,1000.0,,0.0,100.0,10.0,0.0,7564,0.0
00:03:12,,1388,1000.0,,0.0,100.0,10.0,0.0,7574,0.0
00:03:13,,1388,1000.0,,0.0,100.0,10.0,0.0,7574,0.0
00:03:14,,1388,1000.0,,0.0,100.0,10.0,0.0,7574,0.0
00:03:15,,1388,1000.0,2.73660205,0.0,100.0,10.0,0.0,7574,0.0
00:03:16,,1388,1000.0,,0.0,100.0,10.0,0.0,7574,0.0
00:03:17,,1388,1000.0,,0.0,100.0,10.0,0.0,7574,0.0
00:03:18,,1388,1000.0,,0.0,100.0,10.0,0.0,7569,0.0
00:03:19,,1388,1000.0,,0.0,100.0,10.0,0.0,7569,0.0
00:03:20,,1388,1000.0,2.34595817,0.0,100.0,10.0,0.0,7569,0.0
00:03:21,,1388,1000.0,,0.0,100.0,10.0,0.0,7569,0.0
00:03:22,,1388,1000.0,,0.0,100.0,10.0,0.0,7569,0.0
00:03:23,,1388,1000.0,,0.0,100.0,10.0,0.0,7569,0.0
00:03:24,,1388,1000.0,,0.0,100.0,10.0,0.0,7569,0.0
00:03:25,,1388,1000.0,2.09611452,0.0,100.0,10.0,0.0,7569,0.0
00:03:26,,1388,1000.0,,0.0,100.0,10.0,0.0,7569,0.0
00:03:27,,1388,1000.0,,0.0,100.0,10.0,0.0,7569,0.0
00:03:28,,1388,1000.0,,0.0,100.0,10.0,0.0,7570,0.0
00:03:29,,1388,1000.0,,0.0,100.0,10.0,0.0,7570,0.0
00:03:30,,1388,1000.0,2.09929078,0.0,100.0,10.0,0.0,7570,0.0
00:03:31,,1388,1000.0,,0.0,100.0,10.0,0.0,7570,0.0
00:03:32,,1388,1000.0,,0.0,100.0,10.0,0.0,7570,0.0
00:03:33,,1388,1000.0,,0.0,100.0,10.0,0.0,7571,0.0
00:03:34,,1388,1000.0,,0.0,100.0,10.0,0.0,7571,0.0
00:03:35,,1388,1000.0,2.51199548,0.0,100.0,10.0,0.0,7571,0.0
00:03:36,,1388,1000.0,,0.0,100.0,10.0,0.0,7571,0.0
00:03:37,,1388,1000.0,,0.0,100.0,10.0,0.0,7571,0.0
00:03:38,,1388,1000.0,,0.0,100.0,10.0,0.0,7558,0.0
00:03:39,,1388,1000.0,,0.0,100.0,10.0,0.0,7558,0.0
00:03:40,,1388,1000.0,2.94200849,0.0,100.0,10.0,0.0,7558,0.0
00:03:41,,1388,1000.0,,0.0,100.0,10.0,0.0,7558,0.0
00:03:42,,1388,1000.0,,0.0,100.0,10.0,0.0,7558,0.0
00:03:43,,1388,1000.0,,0.0,100.0,10.0,0.0,7551,0.0
00:03:44,,1388,1000.0,,0.0,100.0,10.0,0.0,7551,0.0
00:03:45,,1388,1000.0,2.36063709,0.0,100.0,10.0,0.0,7551,0.0
00:03:46,,1388,1000.0,,0.0,100.0,10.0,0.0,7551,0.0
00:03:47,,1388,1000.0,,0.0,100.0,10.0,0.0,7551,0.0
00:03:48,,1388,1000.0,,0.0,100.0,10.0,0.0,7551,0.0
00:03:49,,1388,1000.0,,0.0,100.0,10.0,0.0,7551,0.0
00:03:50,,1388,1000.0,2.4691358,0.0,100.0,10.0,0.0,7551,0.0
00:03:51,,1388,1000.0,,0.0,100.0,10.0,0.0,7551,0.0
00:03:52,,1388,1000.0,,0.0,100.0,10.0,0.0,7551,0.0
00:03:53,,1388,1000.0,,0.0,100.0,10.0,0.0,7551,0.0
00:03:54,,1388,1000.0,,0.0,100.0,10.0,0.0,7551,0.0
00:03:55,,1388,1000.0,2.53705815,0.0,100.0,10.0,0.0,7552,0.0
00:03:56,,1388,1000.0,,0.0,100.0,10.0,0.0,7552,0.0
00:03:57,,1388,1000.0,,0.0,100.0,10.0,0.0,7552,0.0
00:03:58,,1388,1000.0,,0.0,100.0,10.0,0.0,7552,0.0
00:03:59,,1388,1000.0,,0.0,100.0,10.0,0.0,7552,0.0
00:04:00,,1388,1000.0,2.62711864,0.0,100.0,10.0,0.0,7552,0.0
00:04:01,,1388,1000.0,,0.0,100.0,10.0,0.0,7551,0.0
00:04:02,,1388,1000.0,,0.0,100.0,10.0,0.0,7551,0.0
00:04:03,,1388,1000.0,,0.0,100.0,10.0,0.0,7551,0.0
00:04:04,,1388,1000.0,,0.0,100.0,10.0,0.0,7551,0.0
00:04:05,,1388,1000.0,2.77222063,0.0,100.0,10.0,0.0,7551,0.0
00:04:06,,1388,1000.0,,0.0,100.0,10.0,0.0,7552,0.0
00:04:07,,1388,1000.0,,0.0,100.0,10.0,0.0,7552,0.0
00:04:08,,1388,1000.0,,0.0,100.0,10.0,0.0,7552,0.0
00:04:09,,1388,1000.0,,0.0,100.0,10.0,0.0,7552,0.0
00:04:10,,1388,1000.0,2.54795305,0.0,100.0,10.0,0.0,7552,0.0
00:04:11,,1388,1000.0,,0.0,100.0,10.0,0.0,7551,0.0
00:04:12,,1388,1000.0,,0.0,100.0,10.0,0.0,7551,0.0
00:04:13,,1388,1000.0,,0.0,100.0,10.0,0.0,7551,0.0
00:04:14,,1388,1000.0,,0.0,100.0,10.0,0.0,7551,0.0
00:04:15,,1388,1000.0,3.29949239,0.0,100.0,10.0,0.0,7551,0.0
00:04:16,,1388,1000.0,,0.0,100.0,10.0,0.0,7564,0.0
00:04:17,,1388,1000.0,,0.0,100.0,10.0,0.0,7564,0.0
00:04:18,,1388,1000.0,,0.0,100.0,10.0,0.0,7564,0.0
00:04:19,,1388,1000.0,,0.0,100.0,10.0,0.0,7564,0.0
00:04:20,,1388,1000.0,3.27680368,0.0,100.0,10.0,0.0,7564,0.0
00:04:21,,1388,1000.0,,0.0,100.0,10.0,0.0,7564,0.0
00:04:22,,1388,1000.0,,0.0,100.0,10.0,0.0,7564,0.0
00:04:23,,1388,1000.0,,0.0,100.0,10.0,0.0,7564,0.0
00:04:24,,1388,1000.0,,0.0,100.0,10.0,0.0,7564,0.0
00:04:25,,1388,1000.0,2.34861347,0.0,100.0,10.0,0.0,7564,0.0
00:04:26,,1388,1000.0,,0.0,100.0,10.0,0.0,7564,0.0
00:04:27,,1388,1000.0,,0.0,100.0,10.0,0.0,7564,0.0
00:04:28,,1388,1000.0,,0.0,100.0,10.0,0.0,7564,0.0
00:04:29,,1388,1000.0,,0.0,100.0,10.0,0.0,7564,0.0
00:04:30,,1388,1000.0,3.03811981,0.0,100.0,10.0,0.0,7564,0.0
00:04:31,,1388,1000.0,,0.0,100.0,10.0,0.0,7563,0.0
00:04:32,,1388,1000.0,,0.0,100.0,10.0,0.0,7563,0.0
00:04:33,,1388,1000.0,,0.0,100.0,10.0,0.0,7563,0.0
00:04:34,,1388,1000.0,,0.0,100.0,10.0,0.0,7563,0.0
00:04:35,,1388,1000.0,2.06956022,0.0,100.0,10.0,0.0,7563,0.0
00:04:36,,1388,1000.0,,0.0,100.0,10.0,0.0,7563,0.0
00:04:37,,1388,1000.0,,0.0,100.0,10.0,0.0,7563,0.0
00:04:38,,1388,1000.0,,0.0,100.0,10.0,0.0,7563,0.0
00:04:39,,1388,1000.0,,0.0,100.0,10.0,0.0,7563,0.0
00:04:40,,1388,1000.0,2.93870697,0.0,100.0,10.0,0.0,7563,0.0
00:04:41,,1388,1000.0,,0.0,100.0,10.0,0.0,7563,0.0
00:04:42,,1388,1000.0,,0.0,100.0,10.0,0.0,7572,0.0
00:04:43,,1388,1000.0,,0.0,100.0,10.0,0.0,7572,0.0
00:04:44,,1388,1000.0,,0.0,100.0,10.0,0.0,7572,0.0
00:04:45,,1388,1000.0,2.36669518,0.0,100.0,10.0,0.0,7572,0.0
00:04:46,,1388,1000.0,,0.0,100.0,10.0,0.0,7572,0.0
00:04:47,,1388,1000.0,,0.0,100.0,10.0,0.0,7562,0.0
00:04:48,,1388,1000.0,,0.0,100.0,10.0,0.0,7562,0.0
00:04:49,,1388,1000.0,,0.0,100.0,10.0,0.0,7562,0.0
00:04:50,,1388,1000.0,2.22350563,0.0,100.0,10.0,0.0,7562,0.0
00:04:51,,1388,1000.0,,0.0,100.0,10.0,0.0,7562,0.0
00:04:52,,1388,1000.0,,0.0,100.0,10.0,0.0,7562,0.0
00:04:53,,1388,1000.0,,0.0,100.0,10.0,0.0,7562,0.0
00:04:54,,1388,1000.0,,0.0,100.0,10.0,0.0,7562,0.0
00:04:55,,1388,1000.0,2.16262976,0.0,100.0,10.0,0.0,7562,0.0
00:04:56,,1388,1000.0,,0.0,100.0,10.0,0.0,7562,0.0
00:04:57,,1388,1000.0,,0.0,100.0,10.0,0.0,7562,0.0
00:04:58,,1388,1000.0,,0.0,100.0,10.0,0.0,7553,0.0
00:04:59,,1388,1000.0,,0.0,100.0,10.0,0.0,7553,0.0
00:05:00,133210.5,1388,1000.0,9.56140351,0.0,99.99,10.0,2.0,7553,2.0
00:05:01,245491.5,1388,999.716,,2.0,99.756,8.0,9.0,7553,9.0
00:05:02,245018.58620689655,1388,992.265,,26.0,99.992,,28.0,7553,28.0
00:05:03,243301.8,1388,974.562,,26.0,99.995,,21.0,7553,22.0
00:05:04,241908.625,1388,963.981,,16.0,99.994,,16.0,7580,15.0
00:05:05,238889.86666666667,1388,958.405,21.46974063,16.0,99.994,,15.0,7580,15.0
00:05:06,150281.7894736842,1388,953.111,,17.0,99.997,,19.0,7580,19.0
00:05:07,4995.851851851852,1388,941.803,,26.0,99.995,,23.0,7580,23.0
00:05:08,5095.586206896552,1388,929.017,,19.0,99.995,,24.0,7580,24.0
00:05:09,,1388,914.811,,28.0,99.996,,28.0,7623,28.0
00:05:10,,1388,902.938,27.30140522,9.0,99.997,,0.0,7623,0.0
00:05:11,,1388,911.51,,0.0,100.0,,0.0,7623,0.0
00:05:12,,1388,921.51,,0.0,100.0,,0.0,7623,0.0
00:05:13,,1388,931.51,,0.0,100.0,,0.0,7623,0.0
00:05:14,,1388,941.51,,0.0,100.0,,0.0,7623,0.0
00:05:15,4994.869565217391,1388,951.51,2.42074928,0.0,100.0,,8.0,7625,9.0
00:05:16,9813.62962962963,1388,949.024,,27.0,99.987,,29.0,7625,28.0
00:05:17,9529.833333333334,1388,930.685,,28.0,99.926,,28.0,7625,28.0
00:05:18,9139.222222222223,1388,909.442,,36.0,99.985,,38.0,7625,39.0
00:05:19,4115.828571428571,1388,883.444,,34.0,99.992,,34.0,7625,34.0
00:05:20,2941.233333333333,1388,858.963,25.06183017,33.0,99.989,,23.0,7697,22.0
00:05:21,3137.5,1388,844.187,,26.0,99.991,,36.0,7697,36.0
00:05:22,3234.294117647059,1388,820.316,,34.0,99.99,,33.0,7697,34.0
00:05:23,3174.323529411765,1388,796.757,,34.0,99.993,,35.0,7697,34.0
00:05:24,2853.324324324324,1388,771.109,,38.0,99.986,,36.0,7697,36.0
00:05:25,2835.6486486486488,1388,745.585,26.93764201,33.0,99.992,,37.0,7746,37.0
00:05:26,2748.6052631578946,1388,718.737,,40.0,99.992,,37.0,7746,37.0
00:05:27,2757.684210526316,1388,692.855,,34.0,99.992,,37.0,7746,37.0
00:05:28,2687.027777777778,1388,664.747,,39.0,99.992,,36.0,7746,36.0
00:05:29,2778.633333333333,1388,639.298,,35.0,99.94,,33.0,7746,33.0
00:05:30,3190.4615384615386,1388,619.814,24.41124335,20.0,99.995,,23.0,7746,24.0
00:05:31,3235.342105263158,1388,603.077,,34.0,99.993,,37.0,7783,36.0
00:05:32,2996.7894736842104,1388,576.738,,39.0,99.996,,36.0,7783,36.0
00:05:33,2739.8529411764707,1388,549.82,,37.0,99.994,,37.0,7783,37.0
00:05:34,2793.0285714285715,1388,524.049,,34.0,99.994,,34.0,7783,35.0
00:05:35,,1389,499.488,27.25355825,33.0,99.987,,31.0,7755,30.0
00:05:36,2971.3,1389,479.441,,30.0,99.996,,31.0,7755,31.0
00:05:37,3118.75,1389,458.213,,31.0,99.993,,30.0,7755,30.0
00:05:38,3229.969696969697,1389,437.468,,31.0,99.996,,36.0,7755,36.0
00:05:39,3078.4358974358975,1389,411.469,,38.0,99.996,,36.0,7755,36.0
00:05:40,2894.162162162162,1389,385.267,40.41855774,37.0,99.993,,25.0,7780,25.0
00:05:41,3185.764705882353,1389,371.262,,15.0,99.993,,28.0,7780,28.0
00:05:42,3327.324324324324,1389,352.603,,37.0,99.994,,36.0,7780,37.0
00:05:43,3327.0,1389,326.094,,36.0,99.995,,36.0,7780,36.0
00:05:44,2831.9166666666665,1389,300.173,,36.0,99.996,,35.0,7780,34.0
00:05:45,2747.848484848485,1389,275.303,29.73251029,35.0,99.993,,35.0,7780,35.0
00:05:46,2836.4054054054054,1389,250.829,,35.0,99.993,,35.0,7667,35.0
00:05:47,2964.176470588235,,226.117,,33.0,99.997,,35.0,,35.0
00:05:48,2998.6923076923076,1389,204.822,,17.0,99.998,,9.0,7667,9.0
00:05:49,3658.5714285714284,1389,200.229,,27.0,99.992,,34.0,7667,34.0
00:05:50,3614.657894736842,1389,177.456,34.53017571,37.0,99.99,,37.0,7667,37.0
00:05:51,3289.842105263158,1389,150.255,,37.0,99.996,,37.0,7648,37.0
00:05:52,2722.2702702702704,1389,123.574,,36.0,99.997,,35.0,7648,36.0
00:05:53,2777.4444444444443,1389,98.132,,36.0,99.939,,35.0,7648,34.0
00:05:54,2819.3684210526317,1389,73.454,,35.0,99.943,,37.0,7648,37.0
00:05:55,2745.8055555555557,1389,46.504,24.08575032,36.0,99.99,,36.0,7648,36.0
00:05:56,2795.0,1389,20.798,,36.0,99.993,,36.0,7641,36.0
00:05:57,2704.4054054054054,1389,1.19,,18.0,93.207,,37.0,7641,37.0
00:05:58,2717.3684210526317,1389,0.0,,10.0,68.363,,36.0,7641,38.0
00:05:59,2519.2368421052633,1389,0.0,,10.0,41.248,,37.0,7641,35.0
00:06:00,557.4166666666666,1389,0.0,22.68041237,10.0,14.558,,28.0,7641,28.0
00:06:01,52.36363636363637,1389,0.0,,10.0,0.573,,10.0,7641,10.0
00:06:02,58.1,1389,0.0,,10.0,0.554,,10.0,7641,10.0
00:06:03,58.36363636363637,1389,0.0,,10.0,0.622,,10.0,7641,10.0
00:06:04,52.6,1389,0.0,,10.0,0.539,,10.0,7641,10.0
00:06:05,59.5,1389,0.0,12.76810497,10.0,0.56,,10.0,7641,10.0
00:06:06,54.90909090909091,1389,0.0,,10.0,0.6,,9.0,7638,10.0
00:06:07,58.2,1389,0.0,,10.0,0.565,,11.0,7638,10.0
00:06:08,,1389,0.0,,10.0,0.58,,10.0,7638,10.0
00:06:09,57.18181818181818,1389,0.0,,10.0,0.582,,10.0,7638,10.0
00:06:10,54.2,1389,0.0,10.58644326,10.0,0.552,,10.0,7638,10.0
00:06:11,53.63636363636363,1389,0.0,,10.0,0.55,,10.0,7638,10.0
00:06:12,54.4,1389,0.0,,10.0,0.545,,10.0,7639,10.0
00:06:13,58.27272727272727,1389,0.0,,10.0,0.595,,10.0,7639,10.0
00:06:14,56.1,1389,0.0,,10.0,0.567,,10.0,7639,10.0
00:06:15,58.54545454545455,1389,0.0,9.97340426,10.0,0.59,,9.0,7639,10.0
00:06:16,56.8,1389,0.0,,10.0,0.579,,11.0,7639,10.0
00:06:17,54.72727272727273,1389,0.0,,10.0,0.552,,9.0,7630,9.0
00:06:18,55.0,1389,0.0,,10.0,0.567,,11.0,7630,11.0
00:06:19,54.72727272727273,1389,0.0,,10.0,0.562,,10.0,7630,10.0
00:06:20,55.90909090909091,1389,0.0,9.85410801,10.0,0.567,,10.0,7630,10.0
00:06:21,60.0,1389,0.0,,10.0,0.575,,9.0,7630,9.0
00:06:22,56.18181818181818,1389,0.0,,10.0,0.581,,10.0,7630,10.0
00:06:23,57.2,1389,0.0,,10.0,0.593,,11.0,7621,11.0
00:06:24,,1389,0.0,,10.0,0.558,,10.0,7621,10.0
00:06:25,59.72727272727273,1389,0.0,9.74501389,10.0,0.606,,10.0,7621,10.0
00:06:26,51.72727272727273,1389,0.0,,10.0,0.531,,10.0,7621,10.0
00:06:27,54.4,1389,0.0,,10.0,0.553,,9.0,7621,9.0
00:06:28,58.7,1389,0.0,,10.0,0.595,,11.0,7613,11.0
00:06:29,57.63636363636363,1389,0.0,,10.0,0.58,,10.0,7613,10.0
00:06:30,56.09090909090909,1389,0.0,10.95129952,10.0,0.58,,10.0,7613,10.0
00:06:31,55.0,1389,0.0,,10.0,0.557,,10.0,7613,10.0
00:06:32,52.90909090909091,1389,0.0,,10.0,0.543,,10.0,7613,10.0
00:06:33,60.3,1389,0.0,,10.0,0.589,,10.0,7594,10.0
00:06:34,55.90909090909091,1389,0.0,,10.0,0.569,,10.0,7594,10.0
00:06:35,56.9,1389,0.0,9.73205258,10.0,0.6,,10.0,7594,10.0
00:06:36,54.36363636363637,1389,0.0,,10.0,0.536,,9.0,7594,10.0
00:06:37,57.6,1389,0.0,,10.0,0.57,,11.0,7594,10.0
00:06:38,53.18181818181818,1389,0.0,,10.0,0.581,,10.0,7594,10.0
00:06:39,56.1,1389,0.0,,10.0,0.539,,10.0,7572,10.0
00:06:40,58.27272727272727,1389,0.0,10.12882041,10.0,0.565,,10.0,7572,10.0
00:06:41,54.8,1389,0.0,,10.0,0.606,,10.0,7572,10.0
00:06:42,58.5,1389,0.0,,10.0,0.539,,9.0,7572,10.0
00:06:43,55.18181818181818,1389,0.0,,10.0,0.599,,11.0,7562,10.0
00:06:44,,1389,0.0,,10.0,0.57,,10.0,7562,10.0
00:06:45,54.90909090909091,1389,0.0,9.73205258,10.0,0.548,,10.0,7562,10.0
00:06:46,60.5,1389,0.0,,10.0,0.613,,10.0,7562,10.0
00:06:47,55.2,1389,0.0,,10.0,0.56,,10.0,7562,10.0
00:06:48,54.27272727272727,1389,0.0,,10.0,0.548,,9.0,7562,10.0
00:06:49,55.45454545454545,1389,0.0,,10.0,0.572,,11.0,7516,10.0
00:06:50,55.5,1389,0.0,9.83059548,10.0,0.566,,10.0,7516,10.0
00:06:51,58.3,1389,0.0,,10.0,0.592,,9.0,7516,10.0
00:06:52,55.90909090909091,1389,0.0,,10.0,0.568,,11.0,7516,10.0
00:06:53,58.0,1389,0.0,,10.0,0.549,,10.0,7516,10.0
00:06:54,55.27272727272727,1389,0.0,,10.0,0.593,,10.0,7516,10.0
00:06:55,56.1,1389,0.0,10.02525253,10.0,0.565,,10.0,7516,10.0
00:06:56,57.72727272727273,1389,0.0,,10.0,0.597,,10.0,7516,10.0
00:06:57,53.36363636363637,1389,0.0,,10.0,0.539,,9.0,7516,10.0
00:06:58,57.81818181818182,1389,0.0,,10.0,0.556,,11.0,7516,10.0
00:06:59,57.09090909090909,1389,0.0,,10.0,0.587,,10.0,7516,10.0
00:07:00,,,,10.04589495,,0.547,,,,
